{
  "marketing_stripe": {
    "text": "Bem vindo a Cobayaxi!",
    "link": "/promotion"
  },
  "contacts_stripe": {
    "pages": [
      {
        "title": "Sobre nós",
        "link": "/pages/sobre-nos"
      },
      {}
    ],
    "phone_wpp": true,
    "socials": true
  },
  "categories_list": {
    "featured": [
      "/tramontina?Tramontina",
      "/irwin-ferramentas?Irwin Ferramentas",
      "/brasfort?Brasfort",
      "/astra?Astra"
    ],
    "random": 6,
    "full_width": true
  },
  "desktop_megamenu": true,
  "search_input": true
}